id,first_name,last_name,salary,date
1,Cori,McKleod,45.59,2017-02-27
2,Darb,Haggith,29.36,2017-05-21
3,Elwood,Packman,45.63,2017-05-28
4,Sherline,Sidwell,66.88,2017-02-20
5,Cornell,Saunders,32.03,2017-06-20
6,Abbey,Andreucci,89.61,2016-11-06
7,Jerrilee,Ludl,46.23,2017-06-10
8,Morgen,Alltimes,80.2,2017-01-05
9,Eveline,Gregoraci,20.46,2017-03-19
10,Ethan,Pashen,64.86,2017-02-03
11,Gillan,Podmore,70.95,2017-02-28
12,Larisa,Queenborough,48.82,2016-09-19
13,Delila,Sizeland,21.03,2017-01-12
14,Florette,Folkerts,45.96,2017-01-02
15,Salvador,Keneleyside,98.6,2017-06-08
16,Mariam,Calender,15.33,2016-12-07
17,Gerry,Cicchinelli,86.72,2016-12-04
18,Kattie,Trahearn,69.33,2016-11-02
19,Kata,Sictornes,21.48,2016-08-31
20,Lalo,Karpychev,6.54,2017-08-18
21,Parrnell,Frankum,90.8,2017-05-18
22,Aubry,Sprigg,73.54,2016-12-27
23,Dotti,Plumbridge,43.32,2017-07-19
24,Kathryn,Tavner,90.58,2016-12-31
25,Eberto,Erickssen,20.43,2016-11-13
26,Cordie,Chasle,54.67,2017-08-22
27,Tara,Worsfold,47.58,2017-02-24
28,Gerik,Gann,20.08,2017-08-16
29,Isabeau,Bellchamber,55.1,2016-12-17
30,Darn,Reveland,37.73,2016-09-09
31,Kerk,Volke,78.91,2017-03-12
32,Oralia,Cheal,88.99,2017-03-26
33,Lora,Sawl,23.95,2017-04-14
34,Clemente,Coit,20.75,2017-05-13
35,Ignacio,Grisard,46.12,2017-04-05
36,Violetta,Duigan,40.24,2017-01-24
37,Marietta,Leith,82.63,2017-06-16
38,Gerri,Jepps,89.83,2017-03-30
39,Tina,Artis,70.84,2016-09-29
40,Dawna,Vallantine,71.32,2016-09-23
41,Arleen,Rowth,79.67,2017-06-25
42,Thomasine,Jodkowski,76.73,2017-08-22
43,Pru,Abramov,79.72,2016-11-04
44,Rubetta,Lavall,58.54,2016-11-18
45,Alexandra,Bohea,80.35,2016-12-31
46,Paxon,Halton,32.66,2017-01-03
47,Tab,Franke,32.0,2016-12-14
48,Hyacinthe,Wakelam,8.23,2016-09-04
49,Costanza,Loweth,99.17,2017-04-24
50,Tristam,Smardon,21.58,2016-12-30
51,Brigitta,Grimshaw,69.61,2016-11-09
52,Stuart,Leneham,50.62,2016-11-05
53,Gilly,Szymanzyk,29.56,2017-07-07
54,Drud,Boyde,4.69,2016-11-18
55,Glyn,Loisi,20.9,2017-04-23
56,Coralyn,Pountain,36.94,2016-12-11
57,Beaufort,Wilce,90.54,2017-06-17
58,Karalee,Aikett,48.92,2016-11-29
59,Riannon,O'Dooghaine,46.31,2016-11-09
60,Chelsea,Duthy,43.44,2016-11-01
61,Shell,Aylett,5.54,2017-07-23
62,Lynnet,Josofovitz,68.74,2017-04-16
63,Dollie,Baggallay,65.1,2016-09-05
64,Timmi,Baake,56.56,2017-06-28
65,Mercie,Lillyman,8.57,2017-05-28
66,Jo-anne,Chown,13.26,2016-11-05
67,Ailbert,Guion,92.98,2016-10-10
68,Beatrisa,Pigott,59.19,2016-11-16
69,Shelia,Pareman,86.71,2017-06-07
70,Shannan,Vasyutochkin,88.45,2017-03-04
71,Hamnet,Steagall,31.7,2017-06-02
72,Jordain,Culvey,14.58,2016-10-22
73,Alfred,Duny,93.87,2017-01-31
74,Chilton,Cobbin,65.3,2017-05-24
75,Melinda,Vertigan,47.56,2017-08-17
76,Gaylene,Treher,95.09,2017-07-25
77,Inigo,Mathy,32.71,2016-10-19
78,Letta,Marriot,19.96,2017-08-19
79,Robby,Udie,20.17,2017-05-12
80,Johnny,Cuckson,42.31,2017-03-17
81,Bailie,Stallworthy,92.07,2017-06-03
82,Carlyn,Burree,43.33,2017-06-24
83,Talyah,Goodbur,59.63,2017-06-29
84,Alysa,Wyse,63.32,2016-09-05
85,Winnie,McDonand,59.97,2016-09-04
86,Tracy,Linster,99.12,2016-09-23
87,Marcelline,Bussey,30.23,2016-12-09
88,Kai,Piddlehinton,75.95,2017-07-18
89,Micheline,Loxly,74.89,2016-11-25
90,Zorine,Riggott,35.0,2017-04-08
91,Pasquale,Leet,94.04,2017-05-05
92,Brig,Darwin,90.5,2016-10-01
93,Sal,Stillman,14.65,2017-02-11
94,Eunice,Littledike,22.82,2017-03-17
95,Anissa,Winterbotham,87.12,2017-03-30
96,Mortimer,Conaghan,58.02,2017-06-10
97,Linn,Thackray,72.52,2016-11-03
98,Layla,Carek,80.74,2016-09-08
99,Beatrix,Krauss,37.83,2017-04-11
100,Dusty,Mateu,17.16,2016-11-26
101,Pattin,Shipp,84.04,2016-09-22
102,Thea,Maddicks,94.71,2017-06-15
103,Quintina,Sacker,19.44,2016-12-21
104,Ralina,Spelsbury,35.06,2016-10-21
105,Hayden,Poltun,40.27,2017-07-05
106,Rafe,Butler-Bowdon,95.66,2017-03-31
107,Rosanne,Preston,60.95,2016-12-07
108,Edie,Fetherstone,69.76,2017-02-27
109,Merle,Jahan,68.51,2016-09-27
110,Dickie,Rennles,5.47,2016-10-28
111,Tricia,Kiehne,88.04,2017-02-18
112,De witt,Taynton,60.51,2016-11-10
113,Brendis,Nazair,69.52,2017-04-02
114,Reinald,Hauxby,58.13,2016-11-15
115,Arleen,Klainer,15.25,2017-08-11
116,Alec,Hake,35.78,2017-08-18
117,Fairfax,Steynor,80.67,2017-04-29
118,Joe,Densham,97.42,2017-03-31
119,Wald,Archard,46.59,2017-02-03
120,Elianore,Guerrier,5.29,2017-07-31
121,Baxie,Demelt,94.46,2017-03-02
122,Orren,Hamlen,77.5,2017-05-18
123,Candi,Noonan,51.51,2017-02-14
124,Laurent,Cremen,95.42,2016-09-03
125,Kirby,Cazereau,4.8,2017-06-29
126,Whitney,Tremaine,32.93,2017-06-06
127,Hewet,Madden,25.35,2016-12-24
128,Darlleen,Gillion,30.76,2017-07-25
129,Cull,Dugmore,18.37,2016-12-09
130,Whitby,Mallebone,43.59,2017-03-27
131,Mirilla,Leggis,71.48,2017-08-18
132,Kathryn,Dunkerk,69.15,2017-03-20
133,Vale,Roalfe,10.44,2017-08-25
134,Tiffie,Hollyar,38.57,2016-12-01
135,Dusty,Padden,71.47,2016-12-31
136,Roberto,Duval,5.03,2017-07-31
137,Sonni,Bendell,47.66,2017-05-14
138,Lavinia,Vouls,50.64,2017-06-03
139,Elita,Abel,19.42,2017-02-19
140,Tracy,Draycott,21.03,2017-02-22
141,Lisle,Barrowcliffe,47.84,2017-07-25
142,Kerwinn,Matityahu,39.14,2016-10-01
143,Sylvester,Petit,27.22,2016-09-15
144,Craig,Weir,68.69,2017-06-16
145,Guenevere,Scarman,15.45,2016-11-22
146,Merci,Pierce,8.48,2016-11-14
147,Francine,Grayshan,88.8,2017-06-26
148,Stefan,Girardin,22.91,2016-09-19
149,Larine,Woolmore,70.83,2016-08-29
150,Jarib,Lapslie,48.0,2017-07-16
151,Grantham,De Rye Barrett,95.16,2017-03-05
152,Marlene,Dwerryhouse,14.73,2016-09-29
153,Pooh,Yve,19.86,2016-10-18
154,Donnamarie,Casarini,29.97,2016-09-10
155,Colas,Richmond,1.7,2016-12-19
156,Herby,Pietrzak,69.72,2016-10-28
157,Hakeem,Gosnoll,43.37,2017-03-22
158,Hernando,Pordal,68.0,2017-06-20
159,Margarethe,Charlo,75.71,2017-02-06
160,Quincy,Cisland,4.67,2017-03-16
161,Moise,Lishman,67.62,2017-02-03
162,Kori,Pole,94.62,2016-09-19
163,Brandise,Oslar,32.09,2016-10-21
164,Dasha,Clifforth,64.29,2017-03-12
165,Em,Kingerby,45.12,2016-09-12
166,Frank,Hardinge,83.76,2017-02-24
167,Tristan,Baddam,7.56,2017-04-18
168,Lauralee,Heaney`,42.86,2017-06-13
169,Griffin,Kunat,32.14,2017-01-22
170,Henry,Oatley,52.67,2016-09-22
171,Say,Lukes,88.69,2016-09-06
172,Heath,Laming,43.78,2017-05-09
173,Tobe,Avramovich,47.74,2017-08-25
174,Eddie,Dyke,94.83,2017-02-08
175,Jessie,Ghilardi,62.39,2017-05-08
176,Blinnie,Padfield,3.54,2016-10-11
177,Karrah,Danton,90.83,2017-06-27
178,Frances,Skipping,71.43,2017-05-17
179,Kris,Luty,57.15,2016-09-13
180,Kare,Arnau,13.11,2017-02-05
181,Ernesta,Pibworth,48.94,2017-08-23
182,Arvin,Dorning,34.91,2016-09-27
183,Larina,Cunnane,20.32,2017-04-13
184,Rhona,Reinhardt,26.11,2017-04-15
185,Roxy,Lanphier,31.5,2016-12-20
186,Anallise,Pudner,98.71,2016-09-17
187,Nanette,Janowicz,19.95,2017-05-30
188,Rozanne,Giottini,69.11,2017-03-07
189,Meyer,Meadus,25.09,2017-08-18
190,Fenelia,McIlvaney,9.15,2017-06-07
191,Viv,Bickerstasse,65.83,2017-07-05
192,Hatti,Sydall,54.03,2017-02-18
193,Darwin,Smythin,51.4,2017-06-14
194,Amye,Lebourn,58.43,2017-07-09
195,Neille,Rocks,75.86,2017-06-16
196,Mayne,Liveley,28.08,2017-02-25
197,Babb,Olufsen,85.31,2016-12-02
198,Marchall,Kneafsey,74.67,2017-07-25
199,Robbyn,Minnette,8.63,2017-08-11
200,Mommy,Greder,37.47,2017-06-23
201,Viki,Pellew,51.61,2017-05-09
202,Tris,Edmund,50.8,2017-04-27
203,Cassaundra,Dumelow,26.05,2016-10-13
204,Tamqrah,Stansbury,39.55,2017-03-14
205,Dixie,Taffrey,18.68,2016-10-25
206,Stormy,Osmint,81.33,2016-10-24
207,Torey,Bordone,90.46,2016-12-27
208,Oberon,Kohnert,47.43,2017-05-23
209,Elizabet,Harriot,69.65,2017-04-01
210,Melitta,Jollie,13.36,2017-06-02
211,Boris,Flaubert,6.12,2017-03-05
212,Kasper,Dunbavin,53.87,2017-05-21
213,Sonny,Dugald,69.12,2016-10-26
214,Gabriellia,Jaffra,69.24,2017-08-22
215,Rossie,Grimes,92.21,2016-09-03
216,Aigneis,Foxcroft,28.28,2017-06-19
217,Kingsly,Audley,40.77,2017-02-20
218,Ianthe,Coules,47.37,2017-07-09
219,Archer,Shaw,58.51,2017-08-12
220,Perla,Chawner,98.36,2016-09-30
221,Rolph,Dumini,16.08,2017-02-11
222,Karlene,Gibke,33.33,2016-10-18
223,Lambert,Mellers,56.52,2017-05-19
224,Arlyn,Duddan,83.53,2016-09-29
225,Bennie,Eckly,23.5,2017-05-09
226,Dalt,McKelvey,26.07,2017-03-31
227,Marieann,Pridgeon,63.04,2016-12-08
228,Ellen,Dillingstone,52.39,2016-11-03
229,Shay,Allworthy,74.35,2016-09-04
230,Mollie,Blumfield,17.95,2016-12-21
231,Babette,Fend,47.28,2016-09-05
232,Charla,Springell,25.56,2016-09-02
233,Oates,Boulsher,4.24,2017-02-24
234,Deanne,Mathwin,67.07,2017-02-18
235,Karena,Bigby,32.91,2017-04-02
236,Pearl,Leverette,14.68,2016-11-17
237,Tildy,Crofts,4.83,2017-04-15
238,Jemima,Sueter,16.03,2016-10-21
239,Sigismondo,Moorerud,6.5,2016-11-03
240,Jasmina,McFie,35.93,2017-03-29
241,Berkeley,Mauchline,50.67,2017-07-07
242,Marina,Hazley,88.89,2017-06-16
243,Mab,Dooher,99.24,2017-01-08
244,Poppy,Cohen,30.36,2016-10-23
245,Janie,Dyball,27.12,2017-01-10
246,Kassi,Pate,23.99,2017-01-13
247,Salomone,Assur,67.85,2017-02-22
248,Laney,Koles,65.92,2017-04-08
249,Alanson,Hamnet,9.07,2017-01-15
250,Linea,Balas,3.5,2017-06-14
251,Torre,Lowin,61.64,2017-02-01
252,Winna,L'Amie,94.17,2017-02-22
253,Garrot,Gunningham,75.53,2017-04-14
254,Vaughn,Krebs,30.26,2017-06-30
255,Odell,Lanphere,69.56,2017-07-17
256,Ode,Woodeson,26.03,2017-03-12
257,Griselda,Yarnley,11.06,2017-04-26
258,Geri,Gomery,24.07,2016-09-01
259,Kipp,Spilstead,20.28,2016-11-12
260,Darin,Condit,77.21,2017-06-11
261,Chicky,Coning,87.1,2017-08-26
262,Terrel,Addyman,45.91,2017-01-20
263,Ashil,Kemmer,51.17,2016-10-13
264,Delainey,Smuth,93.58,2017-03-11
265,Saudra,Backman,71.96,2017-02-21
266,Charlene,Riddle,71.33,2016-11-19
267,Al,Pauls,72.16,2017-06-22
268,Karel,Gipp,51.0,2017-06-09
269,Andrus,Guilaem,11.17,2017-08-13
270,Chelsae,Cunnah,6.6,2017-02-23
271,Danell,Edge,9.94,2017-05-19
272,Alistair,Iacoboni,9.69,2017-03-17
273,Anselm,Trevear,45.46,2016-08-29
274,Dean,Bransby,33.55,2016-09-22
275,Dix,Stoke,76.94,2017-02-10
276,Denni,Larwood,43.45,2017-03-31
277,Trumaine,Kettel,63.1,2017-06-29
278,Sonnnie,Challiner,99.42,2017-07-04
279,Anny,Escudier,66.44,2017-04-10
280,Tuesday,Sysland,31.78,2017-06-03
281,Templeton,Abramson,57.97,2017-04-19
282,Olympie,Cotterel,17.54,2016-12-05
283,Trudey,Pol,5.03,2017-01-06
284,Bart,Slograve,79.18,2016-10-08
285,Franny,Olyonov,25.68,2017-01-07
286,Culver,Eburah,17.15,2017-02-02
287,Rhona,Elcoux,69.02,2017-03-19
288,Pammie,Gowanlock,75.68,2017-01-04
289,Chucho,Rigeby,85.52,2017-02-27
290,Merrel,Izkovitch,16.42,2017-08-03
291,Randolph,Widmoor,76.82,2017-08-05
292,Aeriel,Roome,41.7,2017-02-19
293,Alexandro,Edlin,14.8,2016-12-27
294,Reggi,Duny,88.05,2016-12-20
295,Crosby,Eyrl,73.92,2017-07-19
296,Celesta,Anthonsen,44.35,2017-03-11
297,Gustie,Fernier,46.54,2016-12-24
298,Nichole,Crowcher,67.58,2017-01-31
299,Mark,Spikeings,29.78,2017-05-18
300,Nollie,Alexandrescu,59.56,2017-04-19
301,Cornie,Le Barr,30.96,2017-07-18
302,Trefor,O'Hallihane,27.87,2017-07-30
303,Pansie,Szanto,5.27,2017-02-14
304,Netta,Powlett,29.29,2016-12-14
305,Had,Pischoff,33.76,2017-08-09
306,Barnie,Youngman,56.35,2017-06-20
307,Elladine,Gonnely,58.04,2017-05-07
308,Adora,Joutapavicius,27.76,2017-05-02
309,Zechariah,Luney,3.35,2017-07-24
310,Shaylyn,Canadine,30.01,2017-07-01
311,Ruprecht,Blenkinsop,57.45,2017-02-10
312,Lenna,Trahair,53.1,2017-01-24
313,Adina,Boxall,63.95,2017-07-15
314,Romona,Kneal,13.44,2017-03-22
315,Randall,McIlwraith,31.79,2016-12-01
316,Abbe,Kinworthy,15.65,2016-09-20
317,Milton,Gonthier,97.37,2017-05-19
318,Ernest,Fehely,47.14,2016-12-10
319,Parsifal,Ropartz,83.18,2016-09-26
320,Daryle,Volage,90.9,2017-04-24
321,Giles,Kimmins,7.14,2017-02-17
322,Willa,Tacon,67.52,2017-04-10
323,Rock,Batterton,54.75,2016-11-29
324,Gusti,Boles,84.63,2017-01-11
325,Sawyere,Vian,32.7,2017-03-18
326,Irene,Januszkiewicz,51.27,2017-07-26
327,Janey,Lestrange,75.25,2017-02-20
328,Adelina,Hellmer,26.1,2016-12-13
329,Tova,Hardie,34.81,2017-02-19
330,Chloette,Golding,75.86,2017-06-20
331,Anissa,Berry,52.87,2017-05-09
332,Allie,Kemm,17.99,2017-02-11
333,Bernadine,Tourry,4.8,2017-07-08
334,Fin,Camplin,52.43,2016-09-01
335,Giacobo,Moses,59.81,2016-09-01
336,Amelita,Loffhead,29.44,2017-04-06
337,Maggi,Gilding,66.31,2017-03-24
338,Elbertine,Buckham,73.67,2017-08-11
339,Dicky,Castelli,45.78,2017-02-02
340,Harrie,Benbow,49.23,2016-10-21
341,Delora,Sackes,7.16,2017-03-24
342,Rosalinde,Bagshaw,68.13,2017-05-15
343,Rodger,Zanetello,42.2,2017-04-22
344,Christophorus,Avramovic,84.72,2016-12-06
345,Cordi,Grzelczak,46.34,2016-09-29
346,Ransell,Pilipets,44.72,2017-06-15
347,Heinrick,Halvosen,30.94,2016-10-14
348,Elwin,Kempstone,86.4,2017-07-12
349,Erda,Spillane,58.73,2017-06-14
350,Malorie,Dumpleton,52.14,2017-02-19
351,Clayson,Scougall,20.13,2017-06-24
352,Arvy,Gabler,91.83,2017-08-16
353,Garald,MacKonochie,10.98,2016-12-19
354,Austine,Gameson,52.25,2017-01-08
355,Jourdain,Rosas,75.46,2016-12-03
356,Fidelity,Shovelbottom,2.88,2017-05-14
357,Frankie,Blaasch,62.02,2017-06-11
358,Derrick,Farquharson,87.2,2016-11-22
359,Hedwig,Lawey,79.22,2016-10-09
360,Burt,Burnup,39.94,2017-02-05
361,Reagen,Cripps,64.69,2016-09-13
362,Laurena,Wearne,36.36,2017-02-23
363,Melva,Upsale,3.06,2016-10-15
364,Mile,Philson,75.54,2016-11-07
365,Meggie,Grolmann,29.13,2017-05-14
366,Flem,Maasze,49.79,2017-03-22
367,Meagan,Truesdale,29.27,2016-12-13
368,Deny,Osichev,19.65,2016-10-31
369,Pat,Wash,98.66,2016-11-20
370,Vivienne,Honeywood,1.9,2017-07-02
371,Madelina,Hellewell,82.15,2017-05-27
372,Shayne,Lambourne,81.99,2017-06-15
373,Nye,Harower,64.37,2017-03-23
374,Othella,Goymer,30.08,2017-08-09
375,Twyla,Minney,27.28,2017-07-25
376,Ted,Wingrove,24.1,2017-06-22
377,Brant,Warfield,2.4,2017-03-29
378,Maurise,Brokenshire,56.44,2016-10-02
379,Demetris,Elkin,85.37,2017-02-13
380,Augustine,Drakeford,75.76,2016-11-15
381,Brok,Hanbidge,12.86,2017-01-17
382,Truman,Fogg,75.57,2017-02-14
383,Arabel,McAllister,71.72,2016-10-22
384,Suzanne,Elintune,97.78,2016-10-23
385,Johna,Stealey,42.14,2017-07-02
386,Kerry,Holywell,54.54,2017-04-30
387,Anastasia,Keers,53.6,2017-08-10
388,Terrye,Fridd,97.25,2017-08-05
389,Rikki,Westcott,89.33,2017-06-30
390,Debora,Feather,62.26,2017-03-31
391,Pattie,Sowthcote,15.11,2017-03-02
392,Stacy,Fidgeon,95.77,2017-07-09
393,Mercy,Seabright,99.75,2017-08-03
394,Bonnee,Tsar,36.63,2017-03-04
395,Lucille,Martill,1.11,2017-02-24
396,Jakob,Pargeter,49.0,2017-01-20
397,Witty,Rosenwald,36.21,2016-09-25
398,Ludovico,De Carolis,73.83,2016-10-10
399,Quincy,Rotherforth,27.91,2017-07-14
400,Dillie,Eddolls,80.65,2017-08-18
401,Malachi,Schubert,48.8,2017-05-01
402,Liuka,Barense,69.02,2016-11-20
403,April,Hallows,34.04,2016-09-05
404,Arleen,Kinsey,70.82,2016-11-01
405,Laurena,Tunn,58.86,2017-07-09
406,Jany,McAughtry,32.7,2016-11-08
407,Rafael,Combes,69.08,2017-06-14
408,Lissa,Buard,8.21,2017-06-11
409,Johna,Thurling,93.56,2017-01-03
410,Arie,Piffe,4.52,2017-05-28
411,Loretta,Chinnock,66.57,2017-03-08
412,Correna,Cattonnet,15.62,2016-09-15
413,Lyndel,Glinde,4.37,2017-01-06
414,Donal,Ellor,40.88,2016-09-12
415,Jarrett,Riste,77.59,2017-02-07
416,Thom,Ashment,98.91,2017-03-19
417,Ivette,Girault,51.21,2016-10-30
418,Gweneth,Chattaway,83.01,2017-06-13
419,Verney,MacRitchie,55.64,2016-12-23
420,Paten,Adlem,61.91,2017-05-21
421,Berte,Nornable,5.71,2017-02-28
422,Eugenius,Doumerque,73.54,2017-01-21
423,Fred,Noden,16.16,2017-08-01
424,Rolfe,Riguard,7.27,2016-10-28
425,Christopher,Dowtry,20.13,2017-06-05
426,Chadwick,Kondratowicz,42.82,2016-09-23
427,Xylina,Graeser,98.98,2016-10-26
428,Tierney,McCollum,23.8,2017-06-30
429,Fiona,Gettone,10.0,2016-10-09
430,Ricoriki,McNabb,69.39,2017-02-24
431,Cody,Saylor,62.18,2017-08-04
432,Ervin,Jordan,9.04,2017-02-13
433,Nikkie,Popland,48.91,2016-09-28
434,Alia,Skippon,15.01,2016-11-10
435,Frances,Streeten,71.17,2017-06-26
436,Brier,di Rocca,45.25,2017-01-09
437,Aloise,Daudray,12.06,2017-04-18
438,Scottie,Wipfler,63.85,2016-11-05
439,Lorna,Normandale,64.03,2017-04-23
440,Cosme,Schieferstein,17.92,2017-04-02
441,Traci,Sive,47.92,2017-07-12
442,Stepha,Felstead,61.96,2016-09-05
443,Sarena,Lilley,82.04,2017-08-03
444,Aleta,Suttie,55.92,2017-08-23
445,Ellis,Ramelet,39.52,2016-11-05
446,Ericha,Dalrymple,79.8,2017-04-12
447,Stern,Dasent,3.81,2017-01-23
448,Kissie,Sillars,26.43,2016-09-24
449,Stearne,Gibb,3.18,2017-04-15
450,Joshuah,Fyers,89.41,2017-08-02
451,Gilbert,Hessle,55.53,2017-06-29
452,Jemimah,Lober,97.29,2017-05-17
453,Culver,Purse,69.82,2017-04-25
454,Bonita,Passler,92.87,2017-04-01
455,Wernher,Instone,26.7,2017-01-18
456,Charles,Raleston,83.92,2016-11-09
457,Noami,Stump,97.21,2016-09-12
458,Michele,Medina,86.64,2017-07-31
459,Hagen,MacDiarmid,76.96,2017-02-28
460,Man,Kerswell,12.66,2017-04-15
461,Isidore,Saltwell,15.98,2016-09-10
462,Catlee,Weatherill,37.25,2017-04-22
463,Ora,Umfrey,73.75,2017-07-07
464,Ricard,Petricek,50.68,2016-11-08
465,Madelin,Miranda,42.02,2017-07-11
466,Yanaton,Splevings,51.6,2017-05-06
467,Lou,Belham,93.74,2017-05-15
468,Twyla,Shepherdson,91.42,2016-10-22
469,Reggis,Diament,70.36,2017-04-25
470,Anissa,Southwood,92.41,2017-04-25
471,Gertrudis,Kettlestringes,26.41,2016-10-29
472,Nanny,Rogeron,63.53,2016-12-27
473,Charlton,Lahive,61.63,2017-06-11
474,Jason,Varnam,54.48,2017-01-02
475,Sosanna,Peterkin,5.96,2017-03-15
476,Rosaline,McCombe,11.48,2017-03-28
477,Whitman,Conlon,6.94,2016-11-24
478,Craggy,Tofanini,20.21,2017-04-01
479,Tawsha,Le-Good,68.82,2017-08-03
480,Kynthia,Rofe,50.42,2017-07-13
481,Phil,Styles,77.56,2017-03-17
482,Weidar,Flott,27.56,2017-04-30
483,Darnell,Wilcott,29.73,2016-10-14
484,Rodrigo,Seeking,13.8,2017-05-31
485,Betsy,De Mitris,59.25,2017-01-23
486,Jocko,Broome,81.3,2016-10-18
487,Jameson,Toplis,18.96,2017-02-16
488,Ninetta,Penbarthy,32.5,2017-08-27
489,Thomasin,Bayly,9.44,2017-06-12
490,Tracee,Yewdall,7.4,2017-07-13
491,Janice,Salthouse,36.15,2016-10-15
492,Jilly,Giacobini,41.22,2017-03-03
493,Kelvin,Grinaway,97.19,2017-03-06
494,Carmita,McCaffery,38.22,2017-07-21
495,Casey,Marre,21.27,2017-03-04
496,Antin,Sabatier,5.63,2016-09-05
497,Isabelita,MacIllrick,6.31,2016-11-25
498,Sher,Madders,96.1,2016-09-28
499,Agnese,Storrah,71.97,2016-10-26
500,Obed,Budgett,57.28,2016-09-10
501,Jessie,McPheat,90.85,2016-12-22
502,Mignon,Lambotin,96.68,2017-06-18
503,Terrill,Vasyukov,28.25,2017-08-12
504,Tonye,Spalding,72.81,2017-05-24
505,Ramon,Reaveley,72.05,2017-04-25
506,Nadine,Padginton,89.71,2017-07-21
507,Estrella,McVey,32.04,2017-02-04
508,Rollins,Eaklee,54.31,2016-09-23
509,Alon,Brenstuhl,58.63,2017-07-20
510,Christie,Aiskrigg,91.87,2017-05-07
511,Tommy,Mariet,84.15,2017-02-06
512,Jessie,Shugg,36.89,2016-12-20
513,Jodi,De Freyne,28.68,2017-07-10
514,Kirstin,Stainburn,86.35,2017-06-15
515,Justus,Bovey,1.95,2017-06-25
516,Nertie,Woloschinski,65.77,2017-04-21
517,Nanni,Born,48.8,2017-05-25
518,Pen,Ganter,80.78,2016-12-03
519,Tami,Dutson,7.94,2016-12-17
520,Bonnibelle,Andreaccio,78.55,2016-11-17
521,Dianne,Bruni,76.94,2016-10-21
522,Maynord,Ossulton,45.8,2016-12-26
523,Mercie,Veal,31.76,2016-09-16
524,Fawne,Lafond,50.52,2017-01-23
525,Moyna,Stot,97.1,2017-07-23
526,Dalton,Ashbolt,17.18,2017-06-04
527,Jethro,Ogan,54.1,2016-11-21
528,Chan,Swafield,29.06,2016-10-14
529,Kathe,Aldrick,24.33,2017-02-20
530,Haley,Morhall,63.89,2016-12-26
531,Andreana,Munnion,16.48,2016-12-10
532,Cynde,Diglin,62.66,2016-10-07
533,Dame,Silber,22.75,2017-02-02
534,Blanch,Tysack,51.15,2017-02-22
535,Penelopa,Raspison,90.94,2017-07-27
536,Weylin,Mabbs,24.51,2017-04-30
537,Wendeline,Ellum,63.88,2017-03-05
538,Tamiko,Stubbin,11.53,2016-10-07
539,Avram,Andreazzi,92.68,2017-03-26
540,Aleece,Rix,62.23,2017-06-07
541,Salim,Deinhardt,79.77,2016-10-14
542,Car,Corragan,8.01,2016-09-12
543,Nickey,Plows,43.02,2016-10-18
544,Addy,O'Duggan,26.34,2017-03-14
545,Jaquenetta,Middleweek,37.2,2016-11-01
546,Leeann,Nehl,23.85,2017-01-01
547,Gonzalo,Gradley,26.65,2017-08-22
548,Clive,Vaux,80.44,2017-07-14
549,Demetri,Iveson,74.67,2017-05-26
550,Paten,Draijer,14.32,2017-08-21
551,Jeana,Ghio,6.25,2017-07-24
552,Belvia,Fontelles,44.83,2017-06-09
553,Pepi,Muddiman,46.23,2016-11-09
554,Ermengarde,Brower,34.64,2016-12-18
555,Lindsay,Hesse,85.19,2017-07-13
556,Caty,Celand,24.59,2016-08-29
557,Tedi,Gladwin,48.64,2016-12-02
558,Ivor,McKinlay,8.11,2017-01-26
559,Dulcea,Crauford,79.45,2017-08-25
560,Pace,Isakovitch,39.64,2016-10-18
561,Edin,Marchment,72.81,2017-06-11
562,Reta,Armell,53.18,2017-08-05
563,Desiri,Worner,96.48,2016-12-08
564,Stacee,Moores,10.79,2016-09-30
565,Myranda,Rearie,40.64,2017-03-29
566,Lee,Roskrug,71.43,2017-06-17
567,Mella,Turnell,76.37,2017-01-05
568,Frederik,Aveline,2.42,2017-08-05
569,Estevan,Costan,36.07,2016-12-02
570,Jordana,Canete,69.98,2017-02-03
571,Taber,Elce,9.96,2016-11-19
572,Pandora,Casseldine,82.19,2017-06-24
573,Tatiania,Bautiste,18.65,2017-03-05
574,Brunhilde,Vyse,45.19,2017-06-10
575,Filmer,Mathers,63.13,2017-04-22
576,Aleece,Gladstone,7.06,2017-06-29
577,Bradan,Gaskarth,17.55,2017-06-19
578,Jesse,Tingle,48.27,2016-12-27
579,Lorens,Sucre,52.66,2017-06-29
580,Grier,Daintith,46.88,2016-08-28
581,Joletta,Scapens,53.16,2017-07-30
582,Antonie,Bramer,8.7,2016-10-27
583,Ermanno,McGurn,98.98,2017-04-12
584,Aubine,Kingsland,99.69,2017-04-14
585,Allyn,Steinson,95.59,2016-10-14
586,Eugenia,Varney,41.38,2017-07-13
587,Garret,Timmes,15.36,2016-11-17
588,Dino,Bufton,23.49,2017-01-15
589,Reinaldos,Tower,67.59,2017-06-27
590,Bessy,Jimpson,53.86,2016-11-21
591,Barbara,Riach,41.52,2017-02-23
592,Alexine,Siemon,71.54,2017-03-27
593,Luce,Blacktin,78.96,2017-01-11
594,Shirline,Duce,52.61,2017-07-20
595,Englebert,Vivien,68.32,2016-09-11
596,Juliet,Eagan,42.78,2017-07-09
597,Erina,Bellwood,6.23,2017-07-27
598,Maiga,Olsson,12.12,2017-08-13
599,Gustavus,Hedan,95.83,2016-12-11
600,Tracie,Duffer,18.91,2017-03-20
601,Kara-lynn,Veysey,44.87,2016-10-04
602,Claire,Danelutti,40.28,2016-11-11
603,Curcio,O'Donovan,9.95,2017-08-23
604,Siffre,Blewmen,34.58,2016-11-29
605,Audie,Synke,94.25,2017-03-29
606,Cornie,Gilding,98.66,2016-10-24
607,Tobin,Bowra,5.13,2017-01-31
608,Elicia,Alexandre,23.06,2016-10-11
609,Sophi,Rintoul,19.25,2016-10-25
610,Burty,Dabney,51.82,2016-08-31
611,Alan,Barfield,76.94,2017-05-15
612,Eduard,Moncrieffe,60.37,2017-02-10
613,Trixi,Vennart,69.96,2016-11-20
614,Archibold,Poznanski,58.53,2017-02-17
615,Heda,Thorwarth,13.73,2017-01-13
616,Wallis,Denman,16.44,2017-08-11
617,Erinna,Lay,8.92,2017-03-09
618,Bernardo,Bowling,38.06,2016-12-07
619,Dalis,Grimes,61.07,2017-04-03
620,Binky,Castleman,61.92,2016-10-20
621,Amil,Neath,26.59,2016-11-23
622,Morgan,Balbeck,91.09,2016-11-15
623,Jandy,Bison,97.76,2017-08-13
624,Rossy,Obeney,87.52,2017-07-09
625,Myrna,Spencers,13.94,2017-04-14
626,Web,Philippon,78.85,2016-11-17
627,Berti,Farmar,95.96,2017-03-20
628,Katherine,Beard,26.57,2016-12-07
629,Catha,Pither,65.65,2016-10-06
630,Aida,Saller,2.85,2017-07-28
631,Chere,Eldin,87.93,2017-07-06
632,Kane,Lenham,28.47,2017-03-04
633,Bealle,Fitzjohn,53.36,2017-07-10
634,Beverley,Cantero,10.73,2017-02-23
635,Floris,Lidgely,46.22,2016-12-01
636,Emmy,Sizland,27.44,2017-08-02
637,Philis,Meekin,47.29,2017-08-16
638,Ardene,Jurasek,80.46,2017-07-26
639,Harland,Avramchik,43.54,2017-04-06
640,Judye,Caltun,77.41,2017-04-26
641,Marris,Dufoure,87.78,2016-09-12
642,Kalle,Pesticcio,12.46,2016-09-26
643,Marijn,Cahalan,31.86,2017-02-28
644,Marti,Courcey,39.05,2016-09-19
645,Leia,Spoole,41.5,2017-03-14
646,Garv,Van Der Vlies,73.94,2016-09-22
647,Rebekah,Cranmor,8.94,2016-09-21
648,Michaella,Kensy,26.42,2017-03-20
649,Vachel,Chaudret,96.69,2017-05-12
650,Jean,Kefford,3.53,2017-05-22
651,Brennen,Gheorghescu,56.47,2016-10-16
652,Garreth,Ivakhno,93.93,2016-11-23
653,Benedikt,Chieze,93.5,2017-05-27
654,Benedicto,Janczewski,84.68,2016-09-13
655,Brier,Field,43.26,2017-04-21
656,Ania,Deaville,76.4,2017-01-18
657,Kirbie,Tibalt,21.55,2017-06-25
658,Heloise,Hardie,23.19,2016-12-19
659,Pammy,Sholem,11.32,2017-01-02
660,Yehudi,Husthwaite,35.63,2017-08-04
661,Connor,Konmann,81.28,2017-07-26
662,Klaus,Kirkby,83.13,2017-06-25
663,Aubrey,Guyver,46.5,2016-11-27
664,Pate,Stoffler,43.19,2016-10-08
665,Hendrik,Maunders,58.21,2017-01-20
666,Ambrosio,Luckman,81.98,2017-01-10
667,Sonnie,Guiton,92.3,2016-12-05
668,Chaim,Necolds,57.95,2016-09-08
669,Denys,Hallad,83.34,2017-02-13
670,Emlynn,Plampeyn,43.81,2017-01-27
671,Dorothee,Birchwood,94.63,2017-06-21
672,Eliot,Binch,38.28,2017-08-03
673,Gaylor,Evennett,35.65,2017-04-11
674,Emmit,Wolton,38.93,2016-11-26
675,Alvinia,Karby,88.08,2017-01-18
676,Winnifred,Farrall,33.57,2017-04-07
677,Sorcha,Budleigh,42.98,2017-08-07
678,Jay,Hearnaman,93.82,2017-02-09
679,Jaine,Dumphry,57.83,2017-01-20
680,Daphene,Orum,79.31,2016-11-21
681,Granny,Keningham,14.1,2017-05-04
682,Francklin,Nijs,58.62,2017-04-07
683,Ignacio,Stagge,64.16,2016-09-09
684,Darrick,Barrable,41.11,2016-10-11
685,Netti,Terbrug,12.13,2017-06-15
686,Conrade,Glenny,83.96,2016-09-06
687,Nicki,Bittlestone,47.03,2017-08-11
688,Fabio,Coatham,51.46,2017-03-13
689,Eliza,Iglesias,55.27,2016-11-01
690,Theda,Baggiani,51.83,2016-12-18
691,Sibyl,Copnell,23.85,2017-01-26
692,Huey,Dmitrienko,77.68,2016-09-09
693,Vonny,Boor,42.71,2017-02-18
694,Iorgo,Glassard,29.31,2017-03-17
695,Standford,Dole,70.38,2017-07-10
696,Alleen,Wane,59.31,2017-06-01
697,Murry,Gettins,84.54,2017-03-07
698,Sherlock,Febry,49.49,2017-07-30
699,Hesther,Mucklow,16.05,2017-07-01
700,Nissy,Dupree,72.33,2016-11-06
701,Demetria,Spohrmann,76.35,2017-03-30
702,Maurene,Cheeke,53.9,2017-06-11
703,Lucien,Byrd,47.95,2016-10-11
704,Kasper,Sharply,17.07,2017-05-17
705,See,Mossom,25.54,2016-11-12
706,Heywood,Howman,94.15,2017-01-15
707,Wallie,Cartlidge,67.26,2016-11-22
708,Shepperd,Rubartelli,52.68,2017-08-13
709,Darb,Willimont,81.48,2016-09-22
710,Thadeus,Doyland,65.22,2016-12-28
711,Dianemarie,Fant,80.61,2016-12-24
712,Gerhardine,Bubeer,1.21,2016-10-20
713,Delila,McAdam,65.98,2017-07-06
714,Elisha,Shewry,5.16,2016-11-04
715,Bobbi,Midlane,93.18,2016-10-02
716,Freedman,Thornewell,71.21,2017-05-02
717,Davina,Churchin,52.39,2017-01-08
718,Cynde,Semaine,10.31,2017-07-04
719,Gale,Founds,92.49,2016-10-24
720,Jolene,Bretherick,80.55,2017-07-29
721,Alidia,Baughn,25.45,2017-05-31
722,Fitz,Pfeifer,32.31,2017-08-02
723,Stephie,Kelston,54.11,2016-09-28
724,Chev,Washbrook,98.56,2017-06-17
725,Corene,Browne,6.97,2017-04-21
726,Ewen,Bonnick,8.01,2016-11-02
727,Lorinda,Edowes,80.08,2017-05-25
728,Evvy,Pavic,33.48,2016-09-23
729,Alexandro,Greener,79.41,2017-06-08
730,Anthia,Belvard,2.05,2016-10-19
731,Yorker,Halewood,79.23,2017-03-13
732,Bev,Fawthrop,91.87,2017-04-10
733,Margaretha,Olsson,65.6,2016-12-08
734,Ulrika,Dyott,46.16,2017-05-20
735,Ainslee,Cromb,97.19,2017-06-09
736,Britni,Lippingwell,16.89,2017-03-22
737,Gaby,Weekes,72.29,2017-06-10
738,Tamra,Broadwood,3.71,2017-05-08
739,Maggy,Faustin,79.26,2017-07-12
740,Geoffrey,Alf,58.1,2016-10-18
741,Johnath,De Giovanni,34.56,2017-08-05
742,Dacie,Mepham,94.97,2016-12-30
743,Isa,Elcombe,43.2,2016-12-22
744,Chiquia,Skewis,95.99,2016-12-14
745,Clarissa,Joynes,78.81,2017-08-09
746,Daisy,McCready,5.04,2017-04-05
747,Tadio,Plewright,46.61,2016-10-06
748,Caterina,Sapsforde,33.26,2016-10-22
749,Freddy,Wilman,94.73,2017-02-27
750,Justen,Parham,40.33,2017-06-04
751,Lucien,Bremen,62.94,2017-06-24
752,Hermon,Auden,60.63,2017-01-23
753,Yoko,Casero,18.26,2017-01-27
754,Daveen,Sissel,65.73,2017-08-20
755,Shermy,Iacapucci,90.86,2016-11-09
756,Ernesto,Donoher,20.16,2016-11-04
757,Carina,Basini-Gazzi,84.72,2017-06-09
758,Myrtia,Robion,89.81,2016-08-30
759,Gideon,Seldon,41.84,2017-08-07
760,Ford,Vinick,98.82,2016-12-28
761,Nell,Swettenham,11.37,2016-10-02
762,Rutherford,Yitzovicz,2.79,2016-11-16
763,Mikaela,Elgy,22.68,2016-08-29
764,Kristofer,Drewet,36.96,2017-01-03
765,Isak,Bendin,62.91,2016-09-08
766,Abbye,Indruch,6.88,2017-05-18
767,Roderic,Poulson,37.77,2016-11-06
768,Levi,Valentine,41.88,2017-06-21
769,Bernadina,Pilch,18.98,2017-07-23
770,Giulietta,Perillio,33.99,2017-07-22
771,Matt,Newhouse,56.63,2017-05-30
772,Cliff,Jedras,35.54,2017-03-21
773,Amye,Lacoste,7.36,2017-05-12
774,Marsha,Bramsom,78.6,2017-01-23
775,Edgardo,Roony,26.17,2016-12-29
776,Delainey,Colbourn,56.85,2016-09-30
777,Camellia,Mallabund,19.94,2016-12-20
778,Imojean,Nutty,28.69,2016-10-19
779,Gianina,Loughney,31.86,2017-03-16
780,Vladamir,Kenworth,46.33,2017-08-08
781,Ximenes,Poleykett,60.99,2017-03-03
782,Mirabelle,Lindstrom,87.79,2016-11-26
783,Ulberto,Abbyss,72.48,2017-06-17
784,Bo,Beedell,96.13,2017-02-11
785,Ignatius,Probet,50.41,2016-10-18
786,Gaile,Josupeit,73.97,2017-06-20
787,Letitia,Shoppee,50.04,2016-11-28
788,Iago,Larway,1.61,2017-08-25
789,Nellie,Dankersley,31.84,2017-05-18
790,Huntington,Willmot,12.71,2017-05-11
791,Hermine,Fitchell,97.46,2016-11-06
792,Ana,Gradwell,87.69,2017-07-08
793,Maegan,Gimson,36.61,2017-06-01
794,Nestor,Seager,28.91,2017-04-17
795,Elenore,Patzelt,10.38,2017-05-05
796,Danila,Tollow,37.78,2016-10-16
797,Farrand,Bengall,35.2,2016-09-06
798,Jamil,McAllan,35.37,2017-04-02
799,Gladi,Langton,29.14,2016-11-01
800,Palmer,Shiril,2.47,2016-09-08
801,Bliss,McNiven,37.08,2017-02-11
802,Gweneth,Cleworth,83.85,2017-04-21
803,Regen,Bonnette,77.63,2016-11-01
804,Drucie,Muir,82.54,2016-11-24
805,Robers,Treffrey,98.44,2017-02-03
806,Brier,Gremane,85.08,2017-03-31
807,Jamal,Euston,6.73,2017-03-25
808,Barn,Huban,69.98,2017-03-15
809,Joe,Inchan,36.46,2016-09-23
810,Corbin,Neljes,39.51,2016-10-23
811,Melita,Crone,17.57,2017-05-22
812,Naoma,Bletsoe,30.27,2017-02-22
813,Ulrikaumeko,Pulster,74.13,2017-01-22
814,Rachele,Airs,34.71,2016-11-20
815,Michail,Hirthe,53.3,2016-10-03
816,Lewiss,Rolley,80.71,2017-03-15
817,Denny,Klos,52.22,2017-07-23
818,Gerhard,Lippini,87.7,2017-06-21
819,Meridith,Orys,17.53,2017-03-24
820,Seka,Jaulmes,83.42,2016-11-22
821,Cami,Hatherleigh,41.59,2017-08-22
822,Albert,Chessil,27.96,2017-01-30
823,Stirling,Algore,45.13,2017-08-19
824,Adolf,Jeggo,72.79,2017-08-17
825,Michaela,Klimes,35.5,2017-04-06
826,Fedora,MacRierie,51.92,2017-02-23
827,Roseanne,Scolli,32.38,2017-07-16
828,Fredra,Danielsohn,69.82,2017-05-03
829,Lianna,Mabson,20.25,2017-05-21
830,Mitchael,Lagne,31.82,2017-02-22
831,Misty,MacColm,64.41,2016-12-21
832,Josh,Beakes,73.7,2016-11-16
833,Sidonia,Simenet,12.44,2017-02-08
834,Blinny,Swadlinge,15.9,2017-08-18
835,Simmonds,Clell,55.59,2016-11-03
836,Lovell,Hannibal,83.36,2017-03-04
837,Jerrylee,Muir,62.44,2017-07-21
838,Gretel,Wloch,81.1,2017-08-08
839,Hube,Dugald,38.28,2017-07-22
840,Addison,Barzen,67.43,2017-03-04
841,Nico,Goreisr,22.79,2016-11-03
842,Dorthy,Downes,46.82,2017-01-28
843,Tamiko,Branwhite,88.22,2017-06-19
844,Consolata,Andras,85.66,2016-08-29
845,Noami,Collie,80.98,2017-08-10
846,Tris,Stickley,62.73,2016-09-18
847,Marita,Wittleton,91.71,2016-10-29
848,Gilemette,Thurlow,44.63,2017-01-10
849,Alysa,Jeppensen,9.43,2017-03-26
850,Gabey,Mordanti,6.23,2017-02-18
851,Alessandra,MacEntee,87.11,2017-03-16
852,Kaela,Abilowitz,49.11,2017-05-28
853,Caprice,Skule,32.55,2017-07-01
854,Reginald,Cloney,95.61,2017-03-22
855,Bartolomeo,Martello,97.99,2017-02-12
856,Godfry,Clooney,19.1,2017-06-15
857,Vanessa,Struther,4.01,2016-10-10
858,Neil,Cess,53.85,2016-12-01
859,Tom,Remington,61.14,2017-08-27
860,Maxine,Harkess,23.35,2017-02-05
861,Cathlene,Bausmann,86.42,2016-12-22
862,Hestia,Wimpenny,66.46,2017-03-24
863,Kimbell,Wixey,7.86,2016-12-20
864,Morgen,Gillbe,7.71,2017-07-16
865,Avril,Pow,88.76,2017-08-15
866,Luis,Warrack,24.01,2016-11-23
867,Abba,Kasman,3.38,2016-11-29
868,Myrtice,Dary,52.02,2016-12-04
869,Irene,Casiero,31.07,2017-07-05
870,Bearnard,Withnall,56.65,2016-12-30
871,Jeffry,Holdall,57.16,2017-08-06
872,Maggee,Patters,60.26,2017-06-17
873,Sharla,Hedderly,73.95,2017-01-26
874,Katharina,McBlain,64.4,2016-09-20
875,Tobin,Bales,34.44,2016-11-20
876,Nan,Barniss,23.44,2017-07-04
877,Nilson,Milland,30.39,2017-07-09
878,Ephrayim,Napton,99.22,2016-09-04
879,Lucy,Kinzett,99.29,2017-04-10
880,Gwenny,Hargraves,8.04,2016-12-31
881,Daphna,Mabbett,94.05,2017-06-11
882,Bobbie,Fulk,15.44,2016-09-09
883,Curr,Fabri,94.1,2017-03-12
884,Celka,Hynam,50.8,2017-02-24
885,Chiquia,Philippart,60.21,2017-07-02
886,Sol,Goodship,98.91,2017-03-08
887,Gilbert,Andryushchenko,36.94,2017-03-31
888,Krista,Redsull,14.98,2016-09-21
889,Somerset,Pollack,13.97,2016-12-29
890,Gordan,Kleimt,75.55,2016-11-12
891,Daffy,Pevreal,53.32,2017-06-15
892,Cordey,Lydon,89.64,2017-06-09
893,Rodrique,Faltin,74.63,2017-01-30
894,Binnie,Fishpoole,94.87,2017-06-27
895,Ruthanne,Boxhill,37.69,2016-10-24
896,Lucie,Callar,68.0,2017-04-06
897,Garnet,Leming,19.65,2017-02-01
898,Jacki,Fuzzey,51.33,2017-04-02
899,Benny,D'Orsay,95.97,2016-12-08
900,Archibald,McGreil,19.71,2017-04-11
901,Corbie,Brewerton,81.61,2016-09-18
902,Jocko,Edmeades,10.82,2016-10-06
903,Lira,Greenside,57.51,2016-12-26
904,Odelia,Rubenov,60.81,2017-02-11
905,Kippie,Paddington,52.15,2017-05-06
906,Aleta,Sudlow,47.54,2016-10-14
907,Hortensia,Hebblethwaite,70.73,2017-08-27
908,Stavro,Keune,83.62,2016-09-21
909,Benito,Morena,78.56,2017-03-17
910,Marysa,Gilyott,52.08,2017-06-15
911,Richart,Gelly,14.36,2017-06-17
912,Kata,Aylett,14.4,2017-01-01
913,Katerina,Smead,93.5,2017-02-04
914,Royal,Filippo,35.45,2016-09-03
915,Conrade,Tiffney,22.13,2017-06-15
916,Cammie,Parfrey,20.55,2017-01-12
917,Coriss,Mordey,34.16,2017-02-18
918,Othilie,Mingardi,69.56,2017-01-06
919,Burlie,Shadrack,60.95,2016-11-04
920,Eleonore,Reekie,34.16,2017-01-19
921,Jolie,Kochlin,41.27,2017-06-27
922,Pandora,Wiffield,23.18,2017-05-16
923,Suellen,Dibden,2.57,2017-05-16
924,Hagen,Acaster,32.61,2017-07-06
925,Jock,Hardwich,15.87,2017-02-17
926,Buck,Longford,60.02,2017-06-13
927,Lynne,Brittin,47.71,2017-05-22
928,Nevile,Kummerlowe,42.0,2016-10-12
929,Dave,Deackes,98.9,2017-05-28
930,Fayre,Rome,32.42,2016-09-02
931,Kalinda,Aleksahkin,25.15,2016-09-28
932,Brendon,Becerro,98.8,2016-10-09
933,Everett,Dugdale,41.2,2017-08-09
934,Leodora,Huie,29.91,2017-08-03
935,Libbi,Ivanshintsev,56.17,2016-12-09
936,Natala,Lahrs,51.43,2017-02-23
937,Rickard,Boulder,92.52,2016-12-20
938,Buiron,Shilton,98.44,2017-08-15
939,Chrystal,Bate,9.76,2016-10-19
940,Carine,Crotch,22.47,2016-09-25
941,Ambrosius,Santer,27.08,2016-12-05
942,Brandyn,Barensky,90.81,2017-03-28
943,Pavla,Gawthorp,19.89,2017-03-24
944,Hobard,Ankrett,48.21,2017-08-24
945,Ursula,Ingolotti,9.98,2017-08-16
946,Tybi,Roach,87.44,2016-12-13
947,Milicent,Chellenham,51.17,2017-04-27
948,Herman,Knobell,93.66,2016-11-19
949,Ardella,Farny,56.41,2017-05-04
950,Penny,Towriss,69.74,2016-08-28
951,Steward,Tiley,94.82,2017-06-27
952,Ravi,Dietzler,91.15,2017-02-26
953,Meggy,Kettlestring,13.16,2016-12-27
954,Shanan,Howbrook,6.39,2017-06-26
955,Orelle,Alessandrelli,77.84,2017-01-26
956,Tye,Goulding,40.48,2017-01-30
957,Kirsteni,Mowsdell,48.21,2017-03-11
958,Darryl,Joontjes,28.28,2017-04-18
959,Leonore,Tookill,73.35,2017-05-29
960,Myrna,Cottesford,11.17,2017-06-18
961,Keene,Maddra,89.38,2016-10-01
962,Gloria,McCrohon,95.57,2016-12-24
963,Kit,Bursnell,24.06,2017-04-30
964,Tobe,Bertwistle,83.82,2017-03-27
965,Tabitha,Bubb,42.14,2017-01-03
966,Glenna,Alp,46.78,2017-03-18
967,Shara,Reddell,87.22,2017-04-26
968,Aharon,Hansana,12.94,2016-12-20
969,Sandy,Gue,38.04,2016-12-04
970,Eileen,Iacovides,32.86,2017-03-22
971,Lucretia,Cristol,57.37,2017-08-25
972,Kori,Joseland,67.11,2017-06-02
973,Ibby,Lubbock,24.64,2017-03-08
974,Rosamund,Sidwell,64.83,2017-06-12
975,Kizzee,Barnbrook,82.45,2016-10-03
976,Noella,Sermin,59.88,2017-06-23
977,Thibaut,Jacobovitch,29.56,2016-09-04
978,Gloriane,Asker,12.8,2016-09-23
979,Astrix,Greystock,21.99,2016-10-11
980,Waylan,Linturn,10.63,2016-09-16
981,Richmond,Corson,76.49,2017-08-20
982,Jaynell,Abbot,88.18,2017-02-05
983,Freddie,D'Angeli,68.12,2017-08-09
984,Simeon,Barras,68.01,2016-10-29
985,Calypso,de Glanville,76.27,2017-07-23
986,Nadiya,Gabel,40.41,2017-01-31
987,Tracey,Eva,32.3,2017-07-20
988,Libbi,Weymouth,77.51,2017-03-27
989,Cornelius,Decruse,43.94,2016-10-28
990,Tymothy,Scrane,20.51,2017-07-30
991,Janaye,Beamson,51.95,2017-06-22
992,Erinn,Swatten,88.51,2016-11-15
993,Wilton,Delf,10.56,2017-02-11
994,Ardys,Dodswell,27.0,2016-10-01
995,Valma,Millard,2.66,2016-11-11
996,Nancie,Dumigan,11.21,2016-09-16
997,Royal,Dacke,69.73,2016-09-20
998,Piper,O'Concannon,68.16,2017-06-02
999,Daisey,Grigson,94.32,2017-08-24
1000,Gardy,Binley,39.62,2016-10-02
